{"cameraMode":{"drawMode":0,"name":"Shaded","section":"Shading Mode"},"sceneLighting":true,"audioPlay":false,"sceneViewState":{"m_AlwaysRefresh":false,"showFog":true,"showSkybox":true,"showFlares":true,"showImageEffects":true,"showParticleSystems":true,"showVisualEffectGraphs":true,"m_FxEnabled":true},"in2DMode":false,"pivot":{"x":3.6873984336853029,"y":1.7424187660217286,"z":1.0077924728393555},"rotation":{"x":0.00012272276217117906,"y":-0.8513414859771729,"z":0.524671196937561,"w":0.00026722648181021214},"size":11.288657188415528,"orthographic":true}